tau,val_far_oos_pct,val_far_oos_ci,val_frr_filipino_pct,val_frr_filipino_ci,val_acc_accepted_pct,satisfies_dual_constraints
0.1,93.33,"[np.float64(78.68), np.float64(98.15)]",0.0,"[0.0, np.float64(2.81)]",21.05,False
0.15,93.33,"[np.float64(78.68), np.float64(98.15)]",0.0,"[0.0, np.float64(2.81)]",21.05,False
0.2,80.0,"[np.float64(62.69), np.float64(90.49)]",21.8,"[np.float64(15.63), np.float64(29.56)]",25.96,False
0.25,73.33,"[np.float64(55.55), np.float64(85.82)]",41.35,"[np.float64(33.34), np.float64(49.85)]",29.49,False
0.3,63.33,"[np.float64(45.51), np.float64(78.13)]",50.38,"[np.float64(41.99), np.float64(58.74)]",30.3,False
0.35,53.33,"[np.float64(36.14), np.float64(69.77)]",70.68,"[np.float64(62.45), np.float64(77.75)]",28.21,False
0.4,36.67,"[np.float64(21.87), np.float64(54.49)]",89.47,"[np.float64(83.11), np.float64(93.63)]",64.29,False
0.45,26.67,"[np.float64(14.18), np.float64(44.45)]",91.73,"[np.float64(85.8), np.float64(95.32)]",72.73,False
0.5,20.0,"[np.float64(9.51), np.float64(37.31)]",93.23,"[np.float64(87.64), np.float64(96.4)]",66.67,False
0.55,13.33,"[np.float64(5.31), np.float64(29.68)]",94.74,"[np.float64(89.53), np.float64(97.43)]",57.14,False
0.6,10.0,"[np.float64(3.46), np.float64(25.62)]",94.74,"[np.float64(89.53), np.float64(97.43)]",57.14,False
0.65,6.67,"[np.float64(1.85), np.float64(21.32)]",96.24,"[np.float64(91.5), np.float64(98.38)]",60.0,False
0.7,3.33,"[np.float64(0.59), np.float64(16.67)]",96.24,"[np.float64(91.5), np.float64(98.38)]",60.0,False
0.75,0.0,"[0.0, np.float64(11.35)]",97.74,"[np.float64(93.58), np.float64(99.23)]",33.33,False
0.8,0.0,"[0.0, np.float64(11.35)]",99.25,"[np.float64(95.86), np.float64(99.87)]",100.0,False
0.85,0.0,"[0.0, np.float64(11.35)]",99.25,"[np.float64(95.86), np.float64(99.87)]",100.0,False
0.9,0.0,"[0.0, np.float64(11.35)]",99.25,"[np.float64(95.86), np.float64(99.87)]",100.0,False
0.95,0.0,"[0.0, np.float64(11.35)]",99.25,"[np.float64(95.86), np.float64(99.87)]",100.0,False
