epoch,train_loss,val_acc_all,val_acc_filipino,is_best
1,3.7344,3.84,0.0,True
2,3.1484,8.13,0.0,True
3,2.9184,11.29,0.0,True
4,2.7992,11.51,0.0,True
5,2.6351,13.54,4.17,True
6,2.453,16.7,0.0,False
7,2.2664,17.61,4.17,True
8,2.143,18.51,2.78,False
9,2.0003,23.14,0.0,False
10,1.8775,32.05,4.17,True
11,1.7847,40.07,2.78,False
12,1.6836,40.63,5.56,True
13,1.6288,37.58,4.17,False
14,1.5843,34.54,2.78,False
15,1.5221,37.25,2.78,False
16,1.4713,45.26,4.17,False
17,1.4399,43.57,4.17,False
18,1.3666,43.57,4.17,False
19,1.3597,42.1,4.17,False
20,1.3523,47.74,4.17,False
21,1.3198,44.81,4.17,False
22,1.3041,46.28,4.17,False
23,1.2885,45.49,4.17,False
24,1.2791,49.1,8.33,True
25,1.2852,45.49,4.17,False
