epoch,train_loss,train_acc,val_loss,val_acc,lr,is_best
1,2.9211,15.11,3.4909,9.44,0.002988,True
2,2.4973,25.58,3.2222,17.07,0.002953,True
3,2.1781,36.9,3.8538,11.72,0.002895,False
4,1.9172,47.17,3.349,19.53,0.002815,True
5,1.7103,56.72,2.5697,32.03,0.002714,True
6,1.5273,63.43,2.6499,33.77,0.002595,True
7,1.3909,68.91,2.5211,39.18,0.002458,True
8,1.2816,73.24,2.3985,44.41,0.002306,True
9,1.1959,76.35,2.4429,43.87,0.002142,False
10,1.1499,77.91,2.3523,46.45,0.001967,True
11,1.0893,79.83,2.2468,47.48,0.001785,True
12,1.0413,81.33,2.111,50.96,0.001599,True
13,1.0164,82.28,2.0155,52.94,0.001411,True
14,0.9694,83.96,2.0359,53.49,0.001225,True
15,0.957,84.25,2.0619,52.7,0.001043,False
16,0.9459,84.58,2.032,54.69,0.000868,True
17,0.9175,85.44,2.0234,54.45,0.000704,False
18,0.8977,86.23,1.9779,54.93,0.000552,True
19,0.8887,86.11,1.9285,55.71,0.000415,True
20,0.8837,86.62,1.9587,55.47,0.000296,False
21,0.8621,87.54,1.9333,56.25,0.000195,True
22,0.8658,86.96,1.9573,56.37,0.000115,True
23,0.8373,88.34,1.9428,56.49,5.7e-05,True
24,0.8587,87.84,1.9505,56.49,2.2e-05,False
25,0.8535,87.5,1.9234,57.15,1e-05,True
